{
  "model_family": "classical_ml",
  "reference_name": "baseline",
  "best_validation_run": {
    "feature_set": "char_tfidf",
    "model_name": "logistic_regression",
    "validation_metrics": {
      "accuracy": 0.6507352941176471,
      "macro_f1": 0.5787542123626145,
      "per_class": {
        "negative": {
          "precision": 0.7515923566878981,
          "recall": 0.7712418300653595,
          "f1": 0.7612903225806451,
          "support": 153
        },
        "neutral": {
          "precision": 0.3541666666666667,
          "recall": 0.2982456140350877,
          "f1": 0.3238095238095238,
          "support": 57
        },
        "positive": {
          "precision": 0.6268656716417911,
          "recall": 0.6774193548387096,
          "f1": 0.6511627906976745,
          "support": 62
        }
      },
      "classification_report": {
        "negative": {
          "precision": 0.7515923566878981,
          "recall": 0.7712418300653595,
          "f1-score": 0.7612903225806451,
          "support": 153.0
        },
        "neutral": {
          "precision": 0.3541666666666667,
          "recall": 0.2982456140350877,
          "f1-score": 0.3238095238095238,
          "support": 57.0
        },
        "positive": {
          "precision": 0.6268656716417911,
          "recall": 0.6774193548387096,
          "f1-score": 0.6511627906976745,
          "support": 62.0
        },
        "accuracy": 0.6507352941176471,
        "macro avg": {
          "precision": 0.5775415649987853,
          "recall": 0.5823022663130523,
          "f1-score": 0.5787542123626145,
          "support": 272.0
        },
        "weighted avg": {
          "precision": 0.639877949319998,
          "recall": 0.6507352941176471,
          "f1-score": 0.644509761894255,
          "support": 272.0
        }
      }
    }
  },
  "label_mapping": [
    "negative",
    "neutral",
    "positive"
  ],
  "artifact_paths": {
    "model": "models/baseline/best_baseline_model.joblib",
    "vectorizer": "models/baseline/best_baseline_vectorizer.joblib"
  },
  "preprocessing": {
    "input_column": "cleaned_text",
    "label_column": "label",
    "preserve_emoji_aliases": true
  },
  "diagnostic_figures": {
    "learning_curves_comparison": "C:\\Users\\vdchi\\OneDrive\\Documents\\DATA SCIENCE\\Sem5\\Group Project\\Prototyping 2\\reports\\figures\\learning_curves_comparison.png",
    "learning_curve_logistic_regression": "C:\\Users\\vdchi\\OneDrive\\Documents\\DATA SCIENCE\\Sem5\\Group Project\\Prototyping 2\\reports\\figures\\learning_curve_logistic_regression.png",
    "learning_curve_linear_svm": "C:\\Users\\vdchi\\OneDrive\\Documents\\DATA SCIENCE\\Sem5\\Group Project\\Prototyping 2\\reports\\figures\\learning_curve_linear_svm.png",
    "learning_curve_multinomial_nb": "C:\\Users\\vdchi\\OneDrive\\Documents\\DATA SCIENCE\\Sem5\\Group Project\\Prototyping 2\\reports\\figures\\learning_curve_multinomial_nb.png",
    "learning_curve_complement_nb": "C:\\Users\\vdchi\\OneDrive\\Documents\\DATA SCIENCE\\Sem5\\Group Project\\Prototyping 2\\reports\\figures\\learning_curve_complement_nb.png",
    "confusion_matrix_logistic_regression": "C:\\Users\\vdchi\\OneDrive\\Documents\\DATA SCIENCE\\Sem5\\Group Project\\Prototyping 2\\reports\\figures\\confusion_matrix_logistic_regression.png",
    "confusion_matrix_linear_svm": "C:\\Users\\vdchi\\OneDrive\\Documents\\DATA SCIENCE\\Sem5\\Group Project\\Prototyping 2\\reports\\figures\\confusion_matrix_linear_svm.png",
    "confusion_matrix_multinomial_nb": "C:\\Users\\vdchi\\OneDrive\\Documents\\DATA SCIENCE\\Sem5\\Group Project\\Prototyping 2\\reports\\figures\\confusion_matrix_multinomial_nb.png",
    "confusion_matrix_complement_nb": "C:\\Users\\vdchi\\OneDrive\\Documents\\DATA SCIENCE\\Sem5\\Group Project\\Prototyping 2\\reports\\figures\\confusion_matrix_complement_nb.png",
    "roc_curve_logistic_regression": "C:\\Users\\vdchi\\OneDrive\\Documents\\DATA SCIENCE\\Sem5\\Group Project\\Prototyping 2\\reports\\figures\\roc_curve_logistic_regression.png",
    "roc_curve_linear_svm": "C:\\Users\\vdchi\\OneDrive\\Documents\\DATA SCIENCE\\Sem5\\Group Project\\Prototyping 2\\reports\\figures\\roc_curve_linear_svm.png",
    "roc_curve_multinomial_nb": "C:\\Users\\vdchi\\OneDrive\\Documents\\DATA SCIENCE\\Sem5\\Group Project\\Prototyping 2\\reports\\figures\\roc_curve_multinomial_nb.png",
    "roc_curve_complement_nb": "C:\\Users\\vdchi\\OneDrive\\Documents\\DATA SCIENCE\\Sem5\\Group Project\\Prototyping 2\\reports\\figures\\roc_curve_complement_nb.png",
    "pr_curves": "C:\\Users\\vdchi\\OneDrive\\Documents\\DATA SCIENCE\\Sem5\\Group Project\\Prototyping 2\\reports\\figures\\pr_curves.png"
  }
}