{
  "model_family": "classical_ml",
  "reference_name": "baseline",
  "best_validation_run": {
    "feature_set": "char_tfidf",
    "model_name": "linear_svm",
    "validation_metrics": {
      "accuracy": 0.6607142857142857,
      "macro_f1": 0.6019065854468154,
      "per_class": {
        "negative": {
          "precision": 0.6740331491712708,
          "recall": 0.7484662576687117,
          "f1": 0.7093023255813954,
          "support": 163
        },
        "neutral": {
          "precision": 0.3870967741935484,
          "recall": 0.3,
          "f1": 0.3380281690140845,
          "support": 80
        },
        "positive": {
          "precision": 0.7583892617449665,
          "recall": 0.7583892617449665,
          "f1": 0.7583892617449665,
          "support": 149
        }
      },
      "classification_report": {
        "negative": {
          "precision": 0.6740331491712708,
          "recall": 0.7484662576687117,
          "f1-score": 0.7093023255813954,
          "support": 163.0
        },
        "neutral": {
          "precision": 0.3870967741935484,
          "recall": 0.3,
          "f1-score": 0.3380281690140845,
          "support": 80.0
        },
        "positive": {
          "precision": 0.7583892617449665,
          "recall": 0.7583892617449665,
          "f1-score": 0.7583892617449665,
          "support": 149.0
        },
        "accuracy": 0.6607142857142857,
        "macro avg": {
          "precision": 0.6065063950365951,
          "recall": 0.6022851731378926,
          "f1-score": 0.6019065854468154,
          "support": 392.0
        },
        "weighted avg": {
          "precision": 0.6475386358428598,
          "recall": 0.6607142857142857,
          "f1-score": 0.6521901341604444,
          "support": 392.0
        }
      }
    }
  },
  "label_mapping": [
    "negative",
    "neutral",
    "positive"
  ],
  "artifact_paths": {
    "model": "models/baseline/best_baseline_model.joblib",
    "vectorizer": "models/baseline/best_baseline_vectorizer.joblib"
  },
  "preprocessing": {
    "input_column": "cleaned_text",
    "label_column": "label",
    "preserve_emoji_aliases": true
  }
}