{
  "model_name": "castorini/afriberta_small",
  "run_id": "afriberta_small",
  "test_metrics": {
    "accuracy": 0.5367647058823529,
    "macro_f1": 0.4901013840650765,
    "per_class": {
      "negative": {
        "precision": 0.6808510638297872,
        "recall": 0.6274509803921569,
        "f1": 0.6530612244897959,
        "support": 153
      },
      "neutral": {
        "precision": 0.2054794520547945,
        "recall": 0.25862068965517243,
        "f1": 0.22900763358778625,
        "support": 58
      },
      "positive": {
        "precision": 0.603448275862069,
        "recall": 0.5737704918032787,
        "f1": 0.5882352941176471,
        "support": 61
      }
    },
    "classification_report": {
      "negative": {
        "precision": 0.6808510638297872,
        "recall": 0.6274509803921569,
        "f1-score": 0.6530612244897959,
        "support": 153.0
      },
      "neutral": {
        "precision": 0.2054794520547945,
        "recall": 0.25862068965517243,
        "f1-score": 0.22900763358778625,
        "support": 58.0
      },
      "positive": {
        "precision": 0.603448275862069,
        "recall": 0.5737704918032787,
        "f1-score": 0.5882352941176471,
        "support": 61.0
      },
      "accuracy": 0.5367647058823529,
      "macro avg": {
        "precision": 0.49659293058221693,
        "recall": 0.48661405395020263,
        "f1-score": 0.4901013840650765,
        "support": 272.0
      },
      "weighted avg": {
        "precision": 0.5621263448997124,
        "recall": 0.5367647058823529,
        "f1-score": 0.5480998641037016,
        "support": 272.0
      }
    }
  },
  "trainer_metrics": {
    "test_loss": 0.9969204068183899,
    "test_accuracy": 0.5367647058823529,
    "test_macro_f1": 0.4901013840650765,
    "test_runtime": 18.329,
    "test_samples_per_second": 14.84,
    "test_steps_per_second": 0.927
  }
}