{
  "model_name": "castorini/afriberta_small",
  "run_id": "castorini_afriberta_small",
  "test_metrics": {
    "accuracy": 0.5367647058823529,
    "macro_f1": 0.4750681417348084,
    "per_class": {
      "negative": {
        "precision": 0.6944444444444444,
        "recall": 0.6535947712418301,
        "f1": 0.6734006734006734,
        "support": 153
      },
      "neutral": {
        "precision": 0.19117647058823528,
        "recall": 0.22413793103448276,
        "f1": 0.20634920634920634,
        "support": 58
      },
      "positive": {
        "precision": 0.55,
        "recall": 0.5409836065573771,
        "f1": 0.5454545454545454,
        "support": 61
      }
    },
    "classification_report": {
      "negative": {
        "precision": 0.6944444444444444,
        "recall": 0.6535947712418301,
        "f1-score": 0.6734006734006734,
        "support": 153.0
      },
      "neutral": {
        "precision": 0.19117647058823528,
        "recall": 0.22413793103448276,
        "f1-score": 0.20634920634920634,
        "support": 58.0
      },
      "positive": {
        "precision": 0.55,
        "recall": 0.5409836065573771,
        "f1-score": 0.5454545454545454,
        "support": 61.0
      },
      "accuracy": 0.5367647058823529,
      "macro avg": {
        "precision": 0.47854030501089323,
        "recall": 0.47290543627789666,
        "f1-score": 0.4750681417348084,
        "support": 272.0
      },
      "weighted avg": {
        "precision": 0.5547361591695502,
        "recall": 0.5367647058823529,
        "f1-score": 0.545115015703251,
        "support": 272.0
      }
    }
  },
  "trainer_metrics": {
    "test_loss": 1.0020321607589722,
    "test_accuracy": 0.5367647058823529,
    "test_macro_f1": 0.4750681417348084,
    "test_runtime": 17.722,
    "test_samples_per_second": 15.348,
    "test_steps_per_second": 0.959
  }
}