{
  "dataset_rows": 304,
  "label_distribution": {
    "positive": 183,
    "neutral": 83,
    "negative": 38
  },
  "metrics": {
    "accuracy": 0.4144736842105263,
    "macro_f1": 0.3602876781128334,
    "per_class": {
      "negative": {
        "precision": 0.18,
        "recall": 0.7105263157894737,
        "f1": 0.2872340425531915,
        "support": 38
      },
      "neutral": {
        "precision": 0.2708333333333333,
        "recall": 0.1566265060240964,
        "f1": 0.1984732824427481,
        "support": 83
      },
      "positive": {
        "precision": 0.8113207547169812,
        "recall": 0.46994535519125685,
        "f1": 0.5951557093425606,
        "support": 183
      }
    },
    "classification_report": {
      "negative": {
        "precision": 0.18,
        "recall": 0.7105263157894737,
        "f1-score": 0.2872340425531915,
        "support": 38.0
      },
      "neutral": {
        "precision": 0.2708333333333333,
        "recall": 0.1566265060240964,
        "f1-score": 0.1984732824427481,
        "support": 83.0
      },
      "positive": {
        "precision": 0.8113207547169812,
        "recall": 0.46994535519125685,
        "f1-score": 0.5951557093425606,
        "support": 183.0
      },
      "accuracy": 0.4144736842105263,
      "macro avg": {
        "precision": 0.42071802935010477,
        "recall": 0.4456993923349423,
        "f1-score": 0.3602876781128334,
        "support": 304.0
      },
      "weighted avg": {
        "precision": 0.5848383709864283,
        "recall": 0.4144736842105263,
        "f1-score": 0.44836075943900644,
        "support": 304.0
      }
    }
  },
  "source_files": [
    "facebook_label - fitina.csv",
    "facebook_label - perpetual.csv",
    "facebook_label - rahema.csv",
    "facebook_label - thando.csv",
    "facebook_label - viwongo.csv"
  ]
}