{
  "dataset_rows": 304,
  "label_distribution": {
    "positive": 183,
    "neutral": 83,
    "negative": 38
  },
  "metrics": {
    "accuracy": 0.18092105263157895,
    "macro_f1": 0.16987256513533344,
    "per_class": {
      "negative": {
        "precision": 0.140625,
        "recall": 0.9473684210526315,
        "f1": 0.24489795918367346,
        "support": 38
      },
      "neutral": {
        "precision": 0.2894736842105263,
        "recall": 0.13253012048192772,
        "f1": 0.18181818181818182,
        "support": 83
      },
      "positive": {
        "precision": 0.8,
        "recall": 0.04371584699453552,
        "f1": 0.08290155440414508,
        "support": 183
      }
    },
    "classification_report": {
      "negative": {
        "precision": 0.140625,
        "recall": 0.9473684210526315,
        "f1-score": 0.24489795918367346,
        "support": 38.0
      },
      "neutral": {
        "precision": 0.2894736842105263,
        "recall": 0.13253012048192772,
        "f1-score": 0.18181818181818182,
        "support": 83.0
      },
      "positive": {
        "precision": 0.8,
        "recall": 0.04371584699453552,
        "f1-score": 0.08290155440414508,
        "support": 183.0
      },
      "accuracy": 0.18092105263157895,
      "macro avg": {
        "precision": 0.4100328947368421,
        "recall": 0.3745381295096983,
        "f1-score": 0.16987256513533344,
        "support": 304.0
      },
      "weighted avg": {
        "precision": 0.5781910058864266,
        "recall": 0.18092105263157895,
        "f1-score": 0.13015794735476063,
        "support": 304.0
      }
    }
  },
  "source_files": [
    "facebook_label - fitina.csv",
    "facebook_label - perpetual.csv",
    "facebook_label - rahema.csv",
    "facebook_label - thando.csv",
    "facebook_label - viwongo.csv"
  ]
}