{
  "dataset_rows": 304,
  "label_distribution": {
    "positive": 183,
    "neutral": 83,
    "negative": 38
  },
  "metrics": {
    "accuracy": 0.2598684210526316,
    "macro_f1": 0.2602563123097174,
    "per_class": {
      "negative": {
        "precision": 0.1598173515981735,
        "recall": 0.9210526315789473,
        "f1": 0.2723735408560311,
        "support": 38
      },
      "neutral": {
        "precision": 0.3333333333333333,
        "recall": 0.2289156626506024,
        "f1": 0.2714285714285714,
        "support": 83
      },
      "positive": {
        "precision": 0.8928571428571429,
        "recall": 0.1366120218579235,
        "f1": 0.23696682464454977,
        "support": 183
      }
    },
    "classification_report": {
      "negative": {
        "precision": 0.1598173515981735,
        "recall": 0.9210526315789473,
        "f1-score": 0.2723735408560311,
        "support": 38.0
      },
      "neutral": {
        "precision": 0.3333333333333333,
        "recall": 0.2289156626506024,
        "f1-score": 0.2714285714285714,
        "support": 83.0
      },
      "positive": {
        "precision": 0.8928571428571429,
        "recall": 0.1366120218579235,
        "f1-score": 0.23696682464454977,
        "support": 183.0
      },
      "accuracy": 0.2598684210526316,
      "macro avg": {
        "precision": 0.4620026092628833,
        "recall": 0.42886010536249103,
        "f1-score": 0.2602563123097174,
        "support": 304.0
      },
      "weighted avg": {
        "precision": 0.6484624446389947,
        "recall": 0.2598684210526316,
        "f1-score": 0.2508016279310961,
        "support": 304.0
      }
    }
  },
  "source_files": [
    "facebook_label - fitina.csv",
    "facebook_label - perpetual.csv",
    "facebook_label - rahema.csv",
    "facebook_label - thando.csv",
    "facebook_label - viwongo.csv"
  ]
}