Model,Macro F1,Accuracy,Weighted F1,Split
Logistic Regression + char TF-IDF,0.5463101671530713,0.6139705882352942,0.6124423665900994,test
AfriBERTa Small,0.4901013840650765,0.5367647058823529,0.5480998641037016,test
External Baseline,0.3572261072261072,0.3782894736842105,0.4254021745798062,external_test
XLM-RoBERTa Base (older saved run),0.29941819213849863,0.543859649122807,0.5748470793842845,test_older_saved_run
