Model,Macro F1,Accuracy,Weighted F1,Split
AfriBERTa Small,0.442156862745098,0.6205357142857143,0.6149816176470589,test
Linear SVM + char TF-IDF,0.3370765765062717,0.6160714285714286,0.5638342132165879,test
XLM-RoBERTa Base,0.2994181921384986,0.543859649122807,0.5748470793842845,test
External Baseline,0.2602563123097174,0.2598684210526316,0.2508016279310961,external_test
