{
  "model_name": "xlm-roberta-base",
  "test_metrics": {
    "accuracy": 0.543859649122807,
    "macro_f1": 0.29941819213849863,
    "per_class": {
      "negative": {
        "precision": 0.0,
        "recall": 0.0,
        "f1": 0.0,
        "support": 4
      },
      "neutral": {
        "precision": 0.14285714285714285,
        "recall": 0.375,
        "f1": 0.20689655172413793,
        "support": 8
      },
      "positive": {
        "precision": 0.7777777777777778,
        "recall": 0.6222222222222222,
        "f1": 0.691358024691358,
        "support": 45
      }
    },
    "classification_report": {
      "negative": {
        "precision": 0.0,
        "recall": 0.0,
        "f1-score": 0.0,
        "support": 4.0
      },
      "neutral": {
        "precision": 0.14285714285714285,
        "recall": 0.375,
        "f1-score": 0.20689655172413793,
        "support": 8.0
      },
      "positive": {
        "precision": 0.7777777777777778,
        "recall": 0.6222222222222222,
        "f1-score": 0.691358024691358,
        "support": 45.0
      },
      "accuracy": 0.543859649122807,
      "macro avg": {
        "precision": 0.3068783068783069,
        "recall": 0.33240740740740743,
        "f1-score": 0.29941819213849863,
        "support": 57.0
      },
      "weighted avg": {
        "precision": 0.6340852130325815,
        "recall": 0.543859649122807,
        "f1-score": 0.5748470793842845,
        "support": 57.0
      }
    }
  },
  "trainer_metrics": {
    "test_loss": 1.0607787370681763,
    "test_accuracy": 0.543859649122807,
    "test_macro_f1": 0.29941819213849863,
    "test_runtime": 6.2261,
    "test_samples_per_second": 9.155,
    "test_steps_per_second": 1.285
  }
}